{"data":{"grants":{"edges":[{"node":{"frontmatter":{"startDate":"2023/07","endDate":"2023/10","amount":110000},"html":"<p><a href=\"https://ischool.illinois.edu/news-events/news/2023/08/openai-funded-project-aims-represent-underserved-groups-ai-development\" target=\"_blank\" rel=\"nofollow noopener noreferrer\">OpenAI</a> Inclusive.AI: \"A ChatGPT Plugin and DAO to Engage Marginalized Groups in AI”.</p>\n<!--divider-->\n<p>PIs: <a href=\"https://yangwang.ischool.illinois.edu/\" target=\"_blank\" rel=\"nofollow noopener noreferrer\">Yang Wang</a>, Yun Huang, <a href=\"https://tanusreesharma.github.io/\" target=\"_blank\" rel=\"nofollow noopener noreferrer\">Tanusree Sharma</a>, <a href=\"http://people.eecs.berkeley.edu/~dawnsong/\" target=\"_blank\" rel=\"nofollow noopener noreferrer\">Dawn Song</a>, <a href=\"https://sml.stanford.edu/people/sunny-xun-liu\" target=\"_blank\" rel=\"nofollow noopener noreferrer\">Sunny Liu</a>, and <a href=\"https://pacscenter.stanford.edu/person/jeff-hancock/\" target=\"_blank\" rel=\"nofollow noopener noreferrer\">Jeff Hancock</a>.</p>"}},{"node":{"frontmatter":{"startDate":"2022/08","endDate":"2025/07","amount":399996},"html":"<p><a href=\"http://www.imls.gov/\" target=\"_blank\" rel=\"nofollow noopener noreferrer\">Institute of Museum and Library Services</a> Early CAREER Research Development Award: <a href=\"https://www.imls.gov/grants/awarded/re-252329-ols-22\" target=\"_blank\" rel=\"nofollow noopener noreferrer\">“Empowering Libraries with Conversational AI”</a>.</p>\n<!--divider-->\n<p>Single PI: Yun Huang.</p>"}},{"node":{"frontmatter":{"startDate":"2021/09","endDate":"2024/09","amount":849990},"html":"<p><a href=\"http://www.nsf.gov/\" target=\"_blank\" rel=\"nofollow noopener noreferrer\">National Science Foundation</a> \"Collaborative Research: Advancing STEM Online Learning by Augmenting Accessibility with Explanatory Captions and AI\".</p>\n<!--divider-->\n<p>Lead PI: Yun Huang; Co-PIs: <a href=\"https://cs.illinois.edu/about/people/faculty/angrave\" target=\"_blank\" rel=\"nofollow noopener noreferrer\">Lawrence Angrave</a>, <a href=\"http://www.meng-jiang.com/\" target=\"_blank\" rel=\"nofollow noopener noreferrer\">Meng Jiang</a>, Qi Wang.</p>"}},{"node":{"frontmatter":{"startDate":"2021/07","endDate":"2023/06","amount":300300},"html":"<p><a href=\"http://www.nsf.gov/\" target=\"_blank\" rel=\"nofollow noopener noreferrer\">National Science Foundation</a> \"Collaborative Research: EAGER: SaTC: EDU: Teach High School Students about Cybersecurity and AI Ethics via Empathy-Driven Hands-On Projects\".</p>\n<!--divider-->\n<p>Lead PI: <a href=\"https://yangwang.ischool.illinois.edu/\" target=\"_blank\" rel=\"nofollow noopener noreferrer\">Yang Wang</a>; Co-PIs: <a href=\"https://www.colorado.edu/cs/tom-yeh\" target=\"_blank\" rel=\"nofollow noopener noreferrer\">Tom Yeh</a>, <a href=\"https://liberalarts.du.edu/about/people/pilyoung-kim\" target=\"_blank\" rel=\"nofollow noopener noreferrer\">Pilyoung Kim</a>, Yun Huang.</p>"}},{"node":{"frontmatter":{"startDate":"2018/07","endDate":"2021/06","amount":249908},"html":"<p><a href=\"http://www.imls.gov/\" target=\"_blank\" rel=\"nofollow noopener noreferrer\">National Leadership Grants for Libraries</a>, Enabling Accessibility and Linking Digital Media Collections in Academic Libraries.</p>\n<!--divider-->\n<p>PI: Yun Huang. Co-PIs: <a href=\"http://jianqin.metadataetc.org/\" target=\"_blank\" rel=\"nofollow noopener noreferrer\">Jian Qin</a>, <a href=\"http://xiaozhong.website2.me/\" target=\"_blank\" rel=\"nofollow noopener noreferrer\">Xiaozhong Liu</a>.</p>"}},{"node":{"frontmatter":{"startDate":"2015/10","endDate":"2018/09","amount":281263},"html":"<p><a href=\"http://www.imls.gov/assets/1/AssetManager/2015_Sparks_LB21_grant_announcement.pdf\" target=\"_blank\" rel=\"nofollow noopener noreferrer\">National Leadership Grants for Libraries</a>, Community as Collection. Out of total 155 applications, 15 projects were awarded (less than 10% award rate).</p>\n<!--divider-->\n<p>PI: Yun Huang. Co-PI: R. David Lankes, <a href=\"https://jianqin.metadataetc.org/\" target=\"_blank\" rel=\"nofollow noopener noreferrer\">Jian Qin</a>.</p>"}},{"node":{"frontmatter":{"startDate":"2015/09","endDate":"2016/08","amount":16000},"html":"<p><a href=\"http://www.nsf.gov/\" target=\"_blank\" rel=\"nofollow noopener noreferrer\">REU supplements National Science Foundation</a> IIS 1464312.</p>\n<!--divider-->\n<p>PI: Yun Huang.</p>"}},{"node":{"frontmatter":{"startDate":"2015/09","endDate":"2016/08","amount":100255},"html":"<p><a href=\"http://www.nsf.gov/\" target=\"_blank\" rel=\"nofollow noopener noreferrer\">National Science Foundation</a> IIS 1464312, CRII: CHS: Mobile Crowdsourcing System for Public Safety, Continuing Grant.</p>\n<!--divider-->\n<p>PI: Yun Huang.</p>"}},{"node":{"frontmatter":{"startDate":"2015/08","endDate":"2016/09","amount":38514},"html":"<p><a href=\"http://services.google.com/fh/files/blogs/googlefras_august15_final.pdf\" target=\"_blank\" rel=\"nofollow noopener noreferrer\">Google Research Award</a>, <a href=\"http://googleresearch.blogspot.com/2015/08/google-faculty-research-awards-summer.html\" target=\"_blank\" rel=\"nofollow noopener noreferrer\">14% award rate</a> (805 proposals, 113 projects were funded and 27% of the funding awarded to universities outside the U.S).</p>\n<!--divider-->\n<p>PI: Yun Huang.</p>"}},{"node":{"frontmatter":{"startDate":"2015/06","endDate":"present","amount":3600},"html":"<p><a href=\"https://its.syr.edu/\" target=\"_blank\" rel=\"nofollow noopener noreferrer\">Syracuse University's Information Technology Services (ITS)</a>.</p>\n<!--divider-->\n<p>PI: Yun Huang.</p>"}},{"node":{"frontmatter":{"startDate":"2015/06","endDate":"present","amount":10000},"html":"<p><a href=\"http://suadvance.syr.edu/\" target=\"_blank\" rel=\"nofollow noopener noreferrer\">SU ADVANCE Cross-Sector/Interdisciplinary Opportunity Grants</a>.</p>\n<!--divider-->\n<p>PI: Yun Huang.</p>"}},{"node":{"frontmatter":{"startDate":"2013/09","endDate":"2018/08","amount":866000},"html":"<p><a href=\"http://www2.ed.gov/about/offices/list/osers/nidrr/index.html\" target=\"_blank\" rel=\"nofollow noopener noreferrer\">National Institute for Disability Rehabilitation Research (NIDRR)</a> ICWC, <a href=\"http://inclusiveweb.org/\" target=\"_blank\" rel=\"nofollow noopener noreferrer\">DRRP on Inclusive Cloud and Web Computing</a>, Syracuse University Subcontract.</p>\n<!--divider-->\n<p>PI: <a href=\"https://yangwang.ischool.illinois.edu/\" target=\"_blank\" rel=\"nofollow noopener noreferrer\">Yang Wang</a>, Co-PI: Yun Huang.</p>"}}]}}}