{"namedChunkGroups":{"app":{"name":"app","assets":[{"name":"webpack-runtime-b2dafb8f213290696a62.js","size":4568},{"name":"framework-306428b3f19363da004c.js","size":129532},{"name":"app-86e8461200baefcc1d47.js","size":108156}],"filteredAssets":0,"assetsSize":242256,"filteredAuxiliaryAssets":3,"auxiliaryAssetsSize":791690},"component---cache-caches-gatsby-plugin-offline-app-shell-js":{"name":"component---cache-caches-gatsby-plugin-offline-app-shell-js","assets":[{"name":"component---cache-caches-gatsby-plugin-offline-app-shell-js-6f061b09cc63f0400406.js","size":499}],"filteredAssets":0,"assetsSize":499,"filteredAuxiliaryAssets":1,"auxiliaryAssetsSize":1657},"component---src-pages-404-js":{"name":"component---src-pages-404-js","assets":[{"name":"58a3678d-f78bbb3b335cd2449e87.js","size":1948523},{"name":"e50e9c162871c1d91fba5ce567a5656e16dc6783-dd28962247ea954f8813.js","size":158406},{"name":"component---src-pages-404-js-d2f68b390f6e079ced17.js","size":1542}],"filteredAssets":0,"assetsSize":2108471,"filteredAuxiliaryAssets":23,"auxiliaryAssetsSize":6249465},"component---src-pages-index-js":{"name":"component---src-pages-index-js","assets":[{"name":"58a3678d-f78bbb3b335cd2449e87.js","size":1948523},{"name":"e50e9c162871c1d91fba5ce567a5656e16dc6783-dd28962247ea954f8813.js","size":158406},{"name":"component---src-pages-index-js-d54f2d37e37bad0c957e.js","size":632}],"filteredAssets":0,"assetsSize":2107561,"filteredAuxiliaryAssets":23,"auxiliaryAssetsSize":6247109}},"assetsByChunkName":{"app":["webpack-runtime-b2dafb8f213290696a62.js","framework-306428b3f19363da004c.js","app-86e8461200baefcc1d47.js"],"component---cache-caches-gatsby-plugin-offline-app-shell-js":["component---cache-caches-gatsby-plugin-offline-app-shell-js-6f061b09cc63f0400406.js"],"component---src-pages-404-js":["58a3678d-f78bbb3b335cd2449e87.js","e50e9c162871c1d91fba5ce567a5656e16dc6783-dd28962247ea954f8813.js","component---src-pages-404-js-d2f68b390f6e079ced17.js"],"component---src-pages-index-js":["58a3678d-f78bbb3b335cd2449e87.js","e50e9c162871c1d91fba5ce567a5656e16dc6783-dd28962247ea954f8813.js","component---src-pages-index-js-d54f2d37e37bad0c957e.js"]},"childAssetsByChunkName":{}}